CreditScore,Geography,Gender,Age,Tenure,Balance,NumOfProducts,HasCrCard,IsActiveMember,EstimatedSalary,Exited
625,France,Female,51,7,136294.97,1,1,0,38867.46,1
691,Germany,Male,27,3,160358.68,2,1,0,142367.72,0
671,Germany,Female,47,7,114603.76,2,1,0,153194.32,1
591,France,Female,42,10,0.0,2,0,0,171099.22,0
704,Germany,Female,39,1,124640.51,1,1,0,116511.12,1
623,France,Female,39,1,160903.2,1,0,0,78774.36,0
735,France,Male,34,1,141796.43,1,1,0,45858.49,0
680,France,Male,37,4,0.0,2,1,0,61240.87,0
538,Germany,Female,42,4,80380.24,1,1,0,119216.46,0
652,Germany,Male,46,10,121063.8,3,1,0,151481.86,1
724,Germany,Male,31,9,138166.3,1,1,0,12920.43,0
705,France,Male,25,9,0.0,2,0,1,112331.19,0
640,Germany,Female,74,2,116800.25,1,1,1,34130.43,0
748,Germany,Female,40,3,103499.09,2,0,0,38153.19,0
478,France,Female,32,6,71187.24,1,1,1,110593.62,0
660,France,Female,32,0,114668.89,1,1,0,84605.0,0
521,Spain,Female,22,10,0.0,1,1,1,101311.95,0
529,Spain,Female,35,5,0.0,2,1,0,56518.0,0
516,Spain,Female,33,3,0.0,2,1,1,58685.59,0
559,France,Male,62,6,118756.62,1,1,1,20367.68,0
753,France,Male,46,8,0.0,3,1,0,90747.94,1
473,Germany,Female,35,7,131504.73,1,1,0,189560.43,0
479,France,Male,47,6,121797.09,1,0,1,5811.9,1
754,Germany,Male,65,1,136186.44,1,1,1,121529.59,1
705,France,Female,31,3,142905.51,1,1,1,58134.97,0
850,France,Female,35,6,81684.97,1,1,0,824.0,0
547,France,Male,62,10,127738.75,2,1,1,85153.0,0
654,France,Male,40,6,0.0,1,0,0,183872.88,1
711,France,Male,58,9,91285.13,2,1,1,26767.85,0
563,France,Male,22,3,137583.04,1,0,1,5791.85,0
667,France,Male,48,2,0.0,1,1,0,43229.2,0
686,France,Male,26,7,0.0,2,1,0,1540.89,0
414,France,Male,38,8,0.0,1,0,1,77661.12,1
661,Spain,Male,20,8,0.0,1,1,0,110252.53,0
763,Germany,Female,61,1,66101.89,1,1,1,143981.27,0
751,France,Female,48,4,0.0,1,0,1,30165.06,1
635,Spain,Female,32,8,0.0,2,1,1,19367.98,1
684,France,Male,38,4,0.0,3,1,0,75609.84,0
555,France,Male,55,4,146798.81,1,1,1,74149.77,0
634,Spain,Female,41,4,0.0,2,1,1,164549.74,0
828,Germany,Female,25,7,144351.86,1,1,0,116613.26,0
690,Spain,Female,36,10,91760.11,1,1,1,135784.94,0
712,Germany,Male,37,7,93978.96,2,1,0,60651.77,0
648,Spain,Female,49,10,0.0,2,1,1,159835.78,1
523,Germany,Male,35,8,138782.76,1,1,1,186118.93,0
642,France,Female,39,4,0.0,1,1,1,76821.24,0
702,Spain,Male,44,9,0.0,1,0,0,59207.41,1
772,France,Male,34,9,0.0,2,1,0,170980.86,0
515,France,Female,66,6,0.0,2,1,1,160663.11,0
794,France,Female,41,7,0.0,2,1,1,74275.08,0
738,France,Female,39,1,94435.45,2,0,1,189430.86,0
543,Germany,Female,37,3,122304.65,2,0,0,33998.7,0
668,Spain,Male,32,1,134446.04,1,0,1,111241.37,0
551,Spain,Male,49,1,150777.72,2,1,1,135757.27,0
628,France,Female,51,3,123981.31,2,1,1,40546.15,0
707,France,Male,30,8,0.0,2,1,0,33159.37,0
850,France,Female,37,3,212778.2,1,0,1,69372.88,0
599,France,Male,44,10,118577.24,1,1,1,31448.52,0
764,France,Female,44,1,0.0,2,1,1,11467.38,0
763,France,Female,58,9,187911.55,1,0,1,35825.18,0
587,Germany,Female,45,8,134980.74,1,1,1,123309.57,1
717,France,Female,41,3,135756.96,1,1,1,103706.41,0
654,Spain,Female,54,5,0.0,2,0,1,47139.06,0
676,France,Male,31,3,78990.15,1,1,1,124777.14,0
680,France,Male,34,9,0.0,2,1,1,95686.6,0
629,France,Female,37,6,129101.3,1,1,1,23971.33,0
815,Spain,Female,39,6,0.0,1,1,1,85167.88,0
425,Germany,Male,40,9,166776.6,2,0,1,172646.88,0
664,France,Female,38,4,74306.19,2,1,0,154395.56,0
452,France,Female,35,8,0.0,2,1,1,149614.81,0
724,Spain,Male,41,5,0.0,1,0,1,115753.94,0
596,France,Male,42,7,0.0,2,1,1,121568.37,0
692,Spain,Female,34,4,109699.08,1,1,1,37898.91,0
646,Germany,Male,39,0,154439.86,1,1,0,171519.06,0
591,France,Male,49,3,0.0,2,1,0,50123.44,0
683,France,Male,39,4,0.0,2,1,0,171716.81,0
539,Germany,Female,38,8,82407.51,1,1,0,13123.41,0
668,France,Female,53,10,110240.04,1,0,0,183980.56,1
681,Spain,Female,57,2,173306.13,1,0,1,131964.66,0
642,France,Male,40,8,109219.83,1,1,0,52827.51,0
519,Spain,Female,57,2,119035.35,2,1,1,29871.79,0
627,Germany,Female,37,7,147361.57,1,1,1,133031.96,0
731,France,Female,36,6,0.0,1,0,0,152128.36,0
648,France,Female,44,2,0.0,2,1,1,58652.23,0
636,France,Female,38,1,0.0,1,1,0,45015.38,0
736,France,Female,30,9,0.0,2,1,0,34180.33,0
648,Spain,Male,35,7,0.0,2,0,0,122899.01,0
734,Germany,Female,47,10,91522.04,2,1,1,138835.91,0
680,France,Male,33,1,123082.08,1,1,0,134960.98,0
658,France,Male,32,8,0.0,1,1,1,80410.68,0
517,France,Male,56,9,142147.32,1,0,0,39488.04,1
667,Spain,Female,39,2,0.0,2,1,0,40721.24,1
731,Germany,Female,43,9,79120.27,1,0,0,548.52,1
638,France,Female,36,6,0.0,1,1,0,164247.51,0
513,Spain,Male,72,3,98903.06,1,1,1,81251.24,0
500,France,Female,34,4,0.0,2,1,0,12833.96,0
658,France,Female,32,9,0.0,2,1,0,156774.75,0
606,Spain,Male,42,10,0.0,2,1,0,177938.52,0
850,France,Female,42,3,0.0,2,1,1,176883.42,0
665,France,Female,55,8,136354.16,1,1,1,93769.89,0
558,France,Male,35,1,0.0,2,0,0,111687.57,0
646,France,Female,38,2,0.0,2,0,0,178752.73,0
681,Spain,Male,65,7,134714.7,2,0,1,190419.81,0
601,France,Female,43,8,0.0,3,0,1,110916.15,1
528,France,Male,35,3,156687.1,1,1,0,199320.77,0
716,France,Female,38,1,0.0,2,1,1,99661.46,0
673,Germany,Female,34,1,127122.79,3,0,1,76703.1,0
616,Spain,Female,36,6,0.0,1,1,1,12916.32,1
777,France,Male,23,6,0.0,2,1,1,163225.48,0
603,Spain,Male,57,6,105000.85,2,1,1,87412.24,1
773,France,Male,45,8,96877.21,1,1,1,113950.51,0
727,Germany,Male,34,2,146407.11,1,1,1,72073.72,0
604,Spain,Female,35,7,147285.52,1,1,1,57807.05,0
671,France,Male,34,7,106603.74,2,1,1,26387.71,0
602,Spain,Male,34,8,98382.72,1,1,0,39542.0,0
700,Germany,Female,39,5,144550.83,2,1,1,189664.43,0
664,Spain,Male,41,7,123428.69,1,1,1,164924.11,0
637,Germany,Male,40,9,154309.67,1,1,1,125334.16,1
761,France,Male,31,7,0.0,3,1,1,166698.18,0
671,Germany,Male,51,3,96891.46,1,1,0,176403.33,1
767,Spain,Male,77,8,149083.7,1,1,1,190146.83,0
747,Germany,Male,36,8,102603.3,2,1,1,180693.61,0
847,France,Male,51,5,97565.74,1,0,0,144184.06,1
468,France,Male,22,2,0.0,2,1,0,28123.99,0
698,Germany,Male,39,9,133191.19,2,0,1,53289.49,0
528,France,Male,30,2,128262.72,2,1,0,50771.16,0
728,France,Male,43,7,0.0,2,1,0,40023.7,0
749,Spain,Female,43,1,124209.02,1,1,1,167179.48,0
475,France,Female,45,0,134264.04,1,1,0,27822.99,1
601,Germany,Female,26,7,105514.69,2,1,0,50070.59,0
714,Spain,Male,20,3,0.0,2,0,1,150465.93,0
687,Germany,Female,27,9,152328.88,2,0,0,126494.82,0
690,Spain,Female,30,5,0.0,2,0,1,78700.03,0
604,Germany,Female,25,5,157780.84,2,1,1,58426.81,0
665,Germany,Female,45,5,155447.65,2,1,0,51871.95,1
523,Germany,Female,39,1,143903.11,1,1,1,118711.75,1
785,Spain,Female,31,2,121691.54,2,0,0,81778.72,0
634,France,Female,41,8,68213.99,1,1,1,6382.46,0
629,France,Male,35,1,172170.36,1,1,1,159777.37,0
719,Spain,Male,44,4,0.0,1,0,0,84972.9,1
695,Spain,Female,31,8,0.0,2,0,1,131644.41,0
648,France,Female,37,7,0.0,2,1,0,194238.92,0
662,Germany,Male,33,0,103471.52,1,1,1,162703.0,0
680,France,Male,32,5,92961.61,1,1,0,116957.6,0
789,Germany,Male,33,8,151607.56,1,1,0,4389.4,0
466,France,Male,26,9,105522.06,1,1,0,10842.46,0
432,France,Male,42,9,152603.45,1,1,0,110265.24,1
543,Spain,Female,41,4,0.0,1,0,0,194902.16,0
622,Spain,Male,36,9,0.0,2,1,1,104852.6,0
755,France,Female,29,3,0.0,3,1,0,4733.94,0
622,France,Female,30,2,158584.82,3,1,0,142342.55,1
701,France,Female,37,3,0.0,2,1,1,164268.28,0
476,France,Female,32,6,111871.93,1,0,0,112132.86,0
647,Spain,Male,32,9,80958.36,1,1,1,128590.73,0
747,Germany,Male,38,2,129728.6,1,1,0,89289.54,0
607,Spain,Female,33,2,108431.87,2,0,1,109291.39,1
637,Germany,Male,41,2,138014.4,2,1,0,140298.24,0
457,Spain,Male,44,7,0.0,2,0,0,185992.36,0
840,Spain,Female,36,6,0.0,2,1,0,141364.27,0
594,France,Male,27,0,197041.8,1,0,0,151912.49,0
732,France,Male,36,7,0.0,2,1,1,60830.24,0
446,France,Female,51,4,105056.13,1,0,0,70613.52,0
698,Spain,Female,63,5,0.0,1,1,1,173576.71,0
670,France,Male,68,4,0.0,2,1,1,11426.7,0
639,France,Female,42,4,0.0,2,0,0,167682.37,0
531,France,Male,29,3,114590.58,1,0,0,75585.48,0
577,Germany,Female,44,1,152086.15,1,0,1,44719.5,1
792,Spain,Female,40,7,0.0,1,1,0,141652.2,0
451,Germany,Female,38,9,61482.47,1,1,1,167538.66,0
532,Germany,Male,52,3,110791.97,1,1,0,148704.77,1
677,France,Male,46,2,57037.74,1,1,1,158531.01,0
627,Germany,Male,30,3,128770.88,2,1,1,40199.01,0
648,France,Male,33,7,134944.0,1,1,1,117036.38,0
500,Spain,Female,50,5,0.0,4,1,1,83866.35,1
606,France,Male,32,5,83161.65,1,1,1,116885.59,0
670,Germany,Female,36,2,84266.44,2,0,0,38614.69,0
506,Germany,Female,41,3,57745.76,1,1,0,4035.46,0
606,Spain,Male,33,8,0.0,2,1,1,63176.77,0
675,Spain,Male,32,10,0.0,2,1,0,191545.65,0
661,Spain,Male,39,6,132628.98,1,0,0,38812.67,0
548,Germany,Male,49,9,108437.89,1,0,0,127022.87,1
773,Germany,Female,42,8,152324.66,2,1,0,171733.22,0
639,Spain,Male,29,4,133434.57,2,1,0,97983.44,0
524,France,Male,44,10,118569.03,2,0,0,82117.2,0
701,Spain,Female,34,6,107980.37,1,1,1,119374.74,0
500,France,Male,45,2,109162.82,1,1,1,126145.08,0
630,France,Male,53,5,138053.67,1,0,1,114110.97,0
679,France,Male,30,9,0.0,2,1,0,157871.55,0
566,Spain,Male,32,10,147511.26,1,1,1,159891.03,0
704,Spain,Male,38,6,106687.76,1,1,0,173776.5,0
839,France,Female,51,3,0.0,1,1,1,69101.23,1
835,Germany,Female,29,10,130420.2,2,0,0,106276.55,0
578,Germany,Female,38,4,113150.44,2,1,0,176712.59,1
558,Germany,Male,39,10,144757.02,1,1,0,22878.16,1
701,Spain,Female,21,9,0.0,2,1,1,26327.42,0
613,France,Male,42,7,115076.06,1,1,1,79323.61,0
558,France,Male,32,10,105000.23,1,1,0,190019.61,0
723,France,Female,49,4,0.0,2,0,1,89972.25,0
533,Germany,Female,22,10,115743.6,1,0,0,43852.05,0
562,France,Male,38,5,0.0,1,1,0,115700.2,0
665,Spain,Female,40,1,173432.55,1,0,1,116766.79,0
728,France,Male,37,3,122689.51,2,0,0,106977.53,1
593,France,Female,35,6,133489.12,2,1,1,78101.29,0
679,France,Male,47,10,198546.1,2,1,0,191198.92,1
605,France,Female,62,4,111065.93,2,0,1,125660.99,0
818,France,Male,36,4,0.0,2,1,1,8037.03,0
712,France,Male,35,7,124616.23,1,1,1,69320.97,0
702,France,Male,45,0,80793.58,1,1,1,27474.81,0
526,Spain,Female,33,8,114634.63,2,1,0,110114.38,1
558,France,Female,41,6,0.0,1,1,1,143585.29,1
728,Germany,Male,32,5,61825.5,1,1,1,156124.93,0
651,Spain,Female,45,8,95922.9,1,1,0,84782.42,1
721,France,Male,69,2,108424.19,1,1,1,178418.35,0
692,France,Male,33,9,0.0,1,1,0,113505.93,1
575,Spain,Female,31,6,0.0,2,1,1,95686.42,0
755,France,Female,43,9,0.0,2,1,0,18066.69,0
546,Spain,Male,42,7,139070.51,1,1,1,86945.0,0
850,France,Male,40,8,102800.65,1,1,0,60811.56,0
667,France,Male,36,9,0.0,2,1,1,40062.29,0
568,Spain,Female,27,1,116320.68,1,0,1,45563.94,0
563,Spain,Female,36,4,143680.47,2,1,1,63531.19,0
571,France,Male,41,8,0.0,1,1,1,63736.17,0
572,France,Female,36,8,68348.18,2,0,1,50400.32,0
667,France,Male,24,4,0.0,2,0,0,180329.83,0
593,France,Male,32,6,99162.29,1,1,0,128384.11,0
790,Spain,Male,32,3,0.0,1,1,0,91044.47,0
722,France,Male,40,6,0.0,2,1,1,111893.09,0
778,Germany,Male,41,7,139706.31,1,1,0,63337.19,0
728,Spain,Female,43,8,128412.61,1,0,1,139024.31,0
499,France,Male,31,4,0.0,1,1,0,25950.49,0
621,France,Male,35,7,87619.29,1,1,0,143.34,0
729,France,Female,32,9,0.0,2,0,0,150803.44,0
843,France,Female,27,5,0.0,2,1,1,67494.23,0
763,France,Male,67,1,149436.73,2,0,1,106282.74,0
737,Spain,Male,38,6,146282.79,2,1,0,198516.2,0
572,France,Male,37,1,133043.66,1,0,0,111243.09,0
660,Spain,Male,33,4,0.0,1,1,0,29664.45,0
684,Spain,Male,34,9,100628.0,2,1,1,190263.78,0
622,Germany,Female,52,9,111973.97,1,1,1,162756.29,1
643,Germany,Male,41,7,154902.66,1,1,1,49667.28,0
581,France,Female,37,10,104255.03,1,1,0,86609.37,0
635,France,Male,34,3,134692.4,2,1,1,83773.02,0
452,France,Female,35,7,0.0,2,1,0,164241.67,0
607,France,Female,39,10,0.0,3,1,0,132741.13,1
474,France,Male,54,3,0.0,1,1,0,108409.17,1
508,Germany,Male,28,0,96213.82,2,1,0,147913.56,0
528,France,Female,26,10,102073.67,2,0,0,166799.93,0
690,Germany,Male,44,9,100368.63,2,0,0,35342.33,0
622,France,Female,31,1,89688.94,1,1,1,152305.47,0
697,France,Female,34,2,126558.92,1,1,0,73334.43,0
778,France,Male,38,3,145018.49,2,1,1,126702.41,0
685,Germany,Male,43,9,108589.47,2,0,1,194808.51,0
670,Spain,Female,40,3,0.0,1,1,1,182650.15,0
568,Spain,Female,46,3,0.0,2,1,1,29372.62,0
551,France,Female,59,2,166968.28,1,1,0,159483.76,1
581,Spain,Female,24,10,159203.71,1,1,1,102517.83,1
793,Spain,Male,41,9,0.0,2,1,0,152153.74,0
678,France,Female,50,6,0.0,1,1,0,8199.5,0
586,Spain,Female,57,3,0.0,2,0,1,6057.81,0
732,Germany,Male,50,6,145338.76,1,0,0,91936.1,1
556,France,Male,35,10,0.0,2,1,1,192751.18,0
704,France,Male,39,5,0.0,1,1,0,6416.92,0
628,Spain,Male,43,3,184926.61,1,1,0,122937.57,0
631,Spain,Female,31,2,88161.85,2,1,0,127630.88,0
645,Germany,Male,49,4,160133.88,1,0,1,88391.97,0
766,France,Female,45,6,0.0,2,0,0,147184.74,0
659,France,Male,54,8,133436.52,1,1,0,56787.8,0
622,Spain,Female,46,4,107073.27,2,1,1,30984.59,1
791,Germany,Female,42,10,113657.41,2,0,1,139946.68,1
689,Spain,Male,73,1,108555.07,1,0,1,167969.15,0
624,Spain,Female,38,8,0.0,2,1,0,95403.41,0
597,France,Female,41,4,145809.53,2,1,1,52319.26,0
507,Germany,Male,31,2,134237.07,1,1,1,166423.66,1
594,Germany,Male,18,1,132694.73,1,1,0,167689.56,0
781,France,Female,19,3,0.0,2,1,1,124297.32,0
484,Germany,Female,55,8,149349.58,3,0,0,137519.92,1
701,Germany,Male,41,9,164046.1,1,1,0,49405.93,0
735,France,Male,49,5,121973.28,1,1,0,148804.36,0
676,Spain,Male,35,0,0.0,2,0,0,139911.58,0
758,Spain,Female,43,10,0.0,2,1,1,55313.44,0
477,Germany,Male,34,8,139959.55,2,1,1,189875.83,0
477,France,Female,30,6,131286.46,1,1,0,194144.45,0
538,Spain,Male,39,2,122773.5,2,1,1,58467.08,0
681,Spain,Male,67,7,0.0,2,0,1,163714.92,0
762,Spain,Female,26,7,123709.46,2,1,1,169654.57,0
706,Germany,Male,67,1,123276.69,2,1,1,86507.88,1
665,France,Female,40,6,0.0,1,1,1,161848.03,0
747,France,Male,41,5,0.0,2,1,1,22750.17,0
596,France,Female,33,1,138162.81,1,1,0,85412.54,0
597,Spain,Male,38,6,115702.67,2,1,1,25059.05,0
571,Germany,Male,25,6,82506.72,2,1,0,167705.07,0
622,France,Male,26,9,0.0,2,1,1,153237.59,0
667,Germany,Female,36,1,114391.62,1,1,1,53412.54,0
577,Spain,Male,35,5,110080.3,1,1,1,109794.31,0
844,France,Male,38,7,111501.66,1,1,1,119333.38,0
678,Spain,Male,30,0,0.0,1,1,0,35113.08,0
731,France,Female,52,10,0.0,1,1,1,24998.75,1
584,Germany,Female,29,7,105204.01,1,0,1,138490.03,0
716,Germany,Male,66,5,121411.9,1,0,0,10070.4,1
609,Spain,Male,32,4,99883.16,1,1,1,120594.85,0
480,Germany,Male,44,10,129608.57,1,1,0,5472.7,1
614,France,Female,38,4,72594.0,1,1,1,76042.48,0
651,France,Male,34,4,91562.99,1,1,1,123954.15,0
691,France,Male,58,3,0.0,1,0,1,194930.3,1
630,Germany,Female,51,0,108449.23,3,0,0,88372.69,1
668,France,Male,72,2,0.0,2,1,1,70783.61,0
733,Spain,Female,30,0,83319.28,1,0,0,57769.2,0
567,France,Male,36,1,0.0,2,0,0,8555.73,0
798,Germany,Female,29,8,80204.11,2,1,0,70223.22,0
574,France,Female,33,3,134348.57,1,1,0,63163.99,0
683,Spain,Male,40,8,0.0,1,1,0,75848.22,0
692,Spain,Female,47,3,0.0,2,1,0,150802.41,1
655,Spain,Male,34,1,116114.93,1,1,1,49492.15,0
539,France,Female,40,7,81132.21,1,1,0,167289.82,0
666,Germany,Male,30,3,110153.27,1,0,1,74849.46,0
668,Germany,Male,39,4,79896.0,1,1,0,38466.39,0
802,Spain,Male,38,7,0.0,2,0,1,57764.65,0
696,France,Male,34,9,150856.79,1,0,1,8236.78,0
479,Germany,Female,23,9,123575.51,1,0,1,95148.28,0
557,Spain,Male,34,3,0.0,1,0,1,123427.98,0
662,France,Male,38,0,105271.56,1,0,1,179833.45,0
666,Germany,Male,71,1,53013.29,2,1,1,112222.64,0
593,France,Male,35,9,114193.24,1,1,0,71154.1,0
833,Spain,Male,32,6,0.0,1,1,1,44323.22,1
710,Spain,Female,27,2,135277.96,1,1,0,142200.15,0
703,France,Male,28,9,0.0,2,0,1,2151.17,0
670,France,Female,27,5,79336.61,1,1,1,26170.08,0
669,Spain,Male,22,10,0.0,2,1,0,176163.74,0
715,France,Male,23,7,139224.92,2,1,0,65057.71,0
766,Germany,Female,45,6,97652.96,1,1,0,127332.33,0
572,France,Female,30,6,0.0,1,0,1,175025.27,0
582,Germany,Male,32,1,88938.62,1,1,1,10054.53,0
674,Germany,Female,44,4,131593.85,1,0,1,171345.02,1
775,Germany,Male,25,10,60205.2,2,1,0,14073.11,0
697,France,Male,27,8,141223.68,2,1,0,90591.15,0
840,France,Female,39,1,94968.97,1,1,0,84487.62,0
459,Germany,Male,48,4,133994.52,1,1,1,19287.06,1
627,France,Male,43,8,71240.3,1,0,1,127734.16,0
450,Spain,Female,34,2,0.0,2,1,0,175480.93,0
769,Germany,Male,60,9,148846.39,1,1,0,192831.67,1
561,Spain,Female,33,6,0.0,2,1,0,45261.47,0
717,France,Female,76,9,138489.66,1,1,1,68400.14,0
751,Germany,Male,50,2,96888.39,1,1,0,77206.25,1
602,France,Male,23,7,113758.48,2,0,0,84077.6,0
715,Germany,Female,32,3,104857.19,2,1,0,114149.8,0
666,France,Male,30,7,109805.3,1,0,1,163625.56,0
705,Spain,Male,33,7,68423.89,1,1,1,64872.55,0
660,Germany,Female,39,5,135134.99,1,1,0,173683.0,1
591,Spain,Male,39,8,0.0,2,0,0,42392.24,0
554,France,Female,35,6,117707.18,2,0,0,95277.15,1
684,France,Female,38,5,133189.4,1,0,0,127388.06,0
517,France,Male,62,1,43772.66,3,1,0,187756.24,1
702,Spain,Female,26,4,135219.57,1,0,1,59747.63,0
590,Germany,Female,40,2,117641.43,2,0,0,92198.05,0
545,Spain,Female,33,7,173331.52,1,1,0,150452.88,0
559,France,Male,50,5,162702.35,1,0,0,150548.5,1
850,France,Male,33,8,73059.38,1,1,1,186281.0,0
704,Germany,Male,41,4,109026.8,2,1,1,43117.1,0
620,France,Female,42,1,0.0,2,0,1,65565.92,0
635,Spain,Male,24,4,0.0,2,1,1,70668.77,0
789,Germany,Female,43,9,116644.29,2,1,1,60176.1,0
611,Spain,Female,37,4,0.0,2,1,0,125696.26,0
643,Spain,Male,35,2,0.0,2,0,0,67979.35,0
526,Spain,Male,66,7,132044.6,2,1,1,158365.89,0
602,France,Female,25,0,0.0,2,1,1,101274.17,0
726,Germany,Female,51,8,107494.86,2,1,0,140937.91,1
509,Spain,Male,38,2,0.0,1,0,0,168460.12,0
712,France,Female,32,1,0.0,2,1,0,1703.58,0
595,France,Male,41,9,0.0,2,1,0,5967.09,0
590,Spain,Female,29,10,99250.08,1,1,1,129629.41,0
726,France,Female,32,8,0.0,2,0,0,185075.63,0
625,Germany,Male,26,3,130483.95,1,1,0,122810.53,0
596,France,Male,47,6,0.0,1,1,0,74835.65,0
517,Spain,Female,29,5,0.0,2,1,0,103402.88,0
850,Spain,Male,48,2,0.0,1,1,0,169425.3,1
663,France,Female,27,9,0.0,2,1,0,150850.29,0
590,Spain,Male,34,0,65812.35,2,0,1,160346.3,0
516,France,Male,35,10,57369.61,1,1,1,101699.77,0
639,France,Male,66,0,0.0,2,0,1,42240.54,0
650,Germany,Female,25,2,114330.95,1,1,1,25325.07,0
680,Germany,Female,42,7,105722.69,1,1,1,90558.24,1
519,Spain,Female,47,6,157296.02,2,0,0,147278.43,1
711,France,Male,51,7,0.0,3,1,0,38409.79,1
697,France,Female,76,7,0.0,2,0,1,188772.45,0
719,Spain,Female,47,9,116393.59,1,1,0,63051.32,1
583,Germany,Female,41,5,77647.6,1,1,0,190429.52,0
785,Spain,Female,61,4,129855.72,2,1,0,170214.82,1
849,Germany,Male,41,10,84622.13,1,1,1,198072.16,0
689,Spain,Male,40,2,0.0,2,1,1,164768.82,0
841,France,Male,34,4,0.0,2,1,0,141582.66,0
565,France,Female,40,2,0.0,2,1,1,129956.13,0
688,Spain,Female,46,3,0.0,2,0,1,104902.68,0
850,Germany,Male,55,0,98710.89,1,1,1,83617.17,1
626,Spain,Male,29,7,0.0,2,1,0,49361.84,0
630,France,Male,26,7,129837.72,2,0,1,197001.15,0
758,France,Female,30,3,141581.08,1,1,0,156249.06,0
711,Spain,Male,37,2,0.0,2,1,0,83978.86,1
545,Spain,Male,36,8,73211.12,2,1,0,89587.34,1
803,France,Female,26,4,0.0,2,1,1,181208.47,0
718,Germany,Female,33,4,70541.06,1,0,0,88592.8,0
673,Germany,Male,47,1,183579.54,2,0,1,34047.54,0
546,France,Male,28,8,0.0,1,1,0,159254.29,0
639,Spain,Female,28,8,97840.72,1,1,1,178222.77,0
801,Spain,Male,42,4,141947.67,1,1,1,10598.29,0
659,France,Female,44,9,23503.31,1,0,1,169862.01,1
759,Spain,Female,74,6,128917.84,1,1,1,48244.64,0
674,Germany,Female,27,4,111568.01,1,0,1,22026.18,0
576,Germany,Female,36,8,166287.85,1,1,1,23305.85,0
789,Germany,Male,39,7,124828.46,2,1,1,124411.08,0
673,France,Male,37,4,0.0,2,0,0,163563.07,0
517,France,Male,37,5,113308.84,1,0,1,31517.16,0
596,France,Male,33,8,0.0,1,1,0,121189.3,1
847,Germany,Female,35,5,111743.43,1,1,1,183584.14,0
734,Spain,Female,39,6,92126.26,2,0,0,112973.34,0
745,France,Female,32,2,0.0,4,0,1,179705.13,1
658,France,Female,35,5,126397.66,1,0,0,156361.58,1
657,Spain,Male,36,8,188241.05,2,0,0,183058.51,1
653,Germany,Female,37,3,125734.2,2,1,0,134625.09,1
765,Germany,Female,46,8,119492.88,2,0,1,166896.01,1
651,Germany,Female,34,10,148962.46,1,1,0,66389.43,1
616,France,Male,31,1,0.0,2,1,1,54706.75,0
687,France,Male,35,8,0.0,2,1,0,10334.05,0
530,France,Male,39,2,0.0,2,1,0,197923.05,0
544,France,Female,29,1,118560.55,1,1,1,164137.36,0
583,France,Female,57,3,238387.56,1,0,1,147964.99,1
573,France,Female,30,6,0.0,2,1,0,66190.21,0
661,Germany,Female,64,8,128751.65,2,1,0,189398.18,1
535,Germany,Male,20,9,134874.4,1,1,1,118825.56,0
624,Spain,Male,38,7,123906.55,1,1,0,135096.78,0
676,Spain,Male,27,4,0.0,1,0,1,107955.67,0
678,Germany,Female,37,2,113383.07,1,1,1,135123.96,0
558,France,Male,32,5,73494.21,1,0,0,136301.1,0
707,France,Male,33,2,0.0,2,0,0,130866.95,0
646,France,Female,33,2,0.0,2,0,0,198208.0,0
582,France,Male,30,2,0.0,2,1,1,132029.95,0
591,Germany,Male,46,4,129269.27,1,1,0,163504.33,0
850,France,Male,36,7,0.0,1,1,1,40812.9,0
625,France,Male,37,1,177069.24,2,1,1,96088.54,0
763,France,Female,31,4,0.0,2,0,0,50404.72,0
565,France,Male,55,4,118803.35,2,1,1,128124.7,1
672,France,Female,50,1,0.0,1,1,0,12106.82,1
625,Germany,Male,31,4,77743.01,2,1,0,75335.68,0
692,France,Male,69,10,154953.94,1,1,1,70849.47,0
430,France,Male,38,9,0.0,2,1,1,12050.77,0
635,Spain,Female,35,7,0.0,2,1,1,65951.65,0
705,Germany,Female,31,9,110941.93,2,1,0,163484.8,0
683,Germany,Male,73,9,124730.26,1,1,1,51999.5,0
548,France,Female,32,2,172448.77,1,1,0,188083.77,1
678,Spain,Female,39,6,0.0,1,0,1,185366.56,0
732,Germany,Female,42,2,118889.66,2,0,0,87422.15,0
796,Spain,Female,23,3,146584.19,2,0,0,125445.8,0
556,Germany,Male,37,9,145018.64,2,1,0,90928.02,1
693,Germany,Male,40,0,120711.73,1,0,0,27345.18,1
511,Spain,Female,29,9,0.0,2,0,1,140676.98,0
779,Germany,Female,24,10,122200.31,2,1,0,43705.56,0
553,France,Female,31,4,0.0,2,1,1,89087.4,0
805,France,Male,46,6,118022.06,3,1,0,162643.15,1
608,Spain,Male,27,4,153325.1,1,1,1,199953.33,0
730,Spain,Female,39,6,140094.59,1,1,0,172450.04,1
625,Germany,Male,42,6,100047.33,1,1,0,93429.95,0
645,Spain,Female,37,7,0.0,2,1,0,13589.93,0
775,Spain,Male,29,10,0.0,2,1,1,68143.93,0
576,France,Male,55,9,0.0,2,1,1,94450.97,0
601,France,Male,40,10,98627.13,2,0,0,77977.69,0
623,France,Male,40,6,0.0,2,1,1,66119.07,0
718,France,Female,35,2,167924.95,1,1,0,43024.64,0
705,Germany,Male,35,4,136496.12,2,1,0,116672.02,0
530,Spain,Female,22,7,0.0,2,1,0,104170.48,0
654,France,Female,35,2,90865.8,1,1,1,86764.46,0
627,France,Female,32,1,0.0,1,1,0,106851.7,0
569,Spain,Male,41,2,0.0,2,1,0,134272.57,0
850,Spain,Female,29,10,0.0,2,1,1,94815.04,0
850,France,Female,43,3,0.0,2,0,0,2465.8,0
716,France,Female,35,8,112808.18,1,0,1,17848.3,0
612,Germany,Male,30,9,142910.15,1,1,0,105890.55,1
530,Spain,Male,37,4,0.0,2,1,1,164844.37,0
596,Spain,Male,29,2,0.0,2,1,1,1591.19,0
736,Germany,Female,36,8,103914.17,1,1,1,110035.88,1
739,Germany,Male,29,3,59385.98,2,1,1,105533.96,0
668,France,Female,31,9,0.0,2,0,0,41291.73,0
487,France,Male,24,7,133628.09,2,1,1,98570.01,0
714,Spain,Male,25,2,0.0,1,1,1,132979.43,0
721,France,Male,46,1,115764.32,2,0,0,102950.79,0
750,France,Male,43,6,113882.31,1,1,1,74564.41,0
785,France,Female,34,9,70302.48,1,1,1,68600.36,0
668,France,Female,46,2,0.0,3,1,0,89048.46,1
567,Spain,Male,44,9,0.0,2,1,0,87677.15,0
655,Germany,Female,44,6,146498.76,1,1,0,64853.51,1
477,Spain,Male,31,9,0.0,2,0,1,184061.17,0
657,France,Male,32,3,118829.03,2,1,1,73127.61,0
680,France,Male,49,10,0.0,2,1,0,187008.45,0
689,France,Female,40,1,0.0,2,1,1,119446.64,0
744,Germany,Male,41,7,190409.34,2,1,1,138361.48,0
763,Spain,Female,32,10,95153.77,1,0,1,81310.1,0
662,France,Female,36,4,166909.2,2,1,0,138871.12,1
584,Germany,Male,47,7,130538.77,1,1,0,92915.84,0
554,Spain,Female,41,4,112152.89,1,0,1,36242.19,0
675,France,Female,33,6,0.0,2,1,0,34045.61,0
632,France,Female,36,7,0.0,2,1,1,52526.65,0
703,France,Male,43,8,0.0,2,1,0,9704.66,0
689,France,Female,58,5,0.0,2,0,1,49848.86,0
676,France,Male,30,1,128207.23,1,1,1,55400.17,0
481,Spain,Male,39,1,111233.09,1,1,1,123995.15,0
612,France,Female,35,3,0.0,1,1,1,48108.72,0
603,France,Male,31,1,129743.75,1,1,0,109145.2,0
555,France,Male,37,9,124969.13,1,1,0,60194.05,0
627,France,Male,32,10,0.0,2,1,0,103287.62,0
789,France,Male,31,4,175477.15,1,1,1,172832.9,0
682,Spain,Female,50,10,128039.01,1,1,1,102260.16,0
554,France,Female,38,3,138731.95,1,1,1,194138.36,0
539,France,Male,20,0,83459.86,1,1,1,146752.67,0
552,France,Male,29,10,0.0,2,1,0,12186.83,0
576,France,Female,29,5,108541.04,1,1,1,126469.09,0
626,Spain,Male,26,8,0.0,2,0,0,191420.71,0
553,Spain,Male,44,4,0.0,1,1,0,10789.3,0
476,France,Male,40,6,0.0,1,1,1,22735.45,0
637,France,Female,33,9,113913.53,1,0,1,65316.5,0
650,France,Female,27,6,0.0,2,1,0,1002.39,0
706,France,Male,34,8,0.0,2,1,1,37479.97,0
556,Spain,Female,48,8,168522.37,1,1,1,151310.16,0
680,France,Female,32,5,0.0,1,1,1,150684.23,0
730,France,Female,32,9,127661.69,1,0,0,60905.51,0
778,Germany,Female,29,7,123229.46,1,1,0,181221.09,0
693,Germany,Male,46,2,104763.41,1,1,1,62368.33,0
771,France,Male,50,3,105229.72,1,1,1,16281.68,1
573,France,Female,33,0,90124.64,1,1,0,137476.71,0
727,Germany,Male,39,5,80615.46,2,0,0,180962.32,0
635,Germany,Female,36,9,81231.85,2,1,0,196731.08,0
684,Spain,Female,42,3,103210.27,1,1,0,31002.03,0
751,France,Female,37,9,183613.66,2,0,0,49734.94,0
523,France,Female,26,4,0.0,2,1,0,185488.81,0
418,France,Female,46,9,0.0,1,1,1,81014.5,1
746,France,Male,37,2,0.0,2,1,0,143194.05,0
670,Spain,Male,42,3,81589.04,1,1,0,188227.8,0
570,France,Male,37,6,0.0,1,1,1,187758.5,0
672,France,Male,47,1,0.0,1,0,0,91574.92,0
587,France,Male,42,1,0.0,1,0,0,123006.91,0
643,France,Female,33,0,137811.75,1,1,1,184856.89,0
629,France,Male,39,2,129669.32,2,1,0,82774.07,0
538,France,Female,32,2,0.0,1,1,1,80130.54,0
488,France,Female,36,0,0.0,2,1,0,136675.22,0
648,Germany,Female,42,8,121980.56,2,1,0,4027.02,0
641,France,Male,33,2,146193.6,2,1,1,55796.83,1
427,France,Male,29,1,141325.56,1,1,1,93839.3,0
618,France,Female,21,2,125682.79,1,0,0,57762.0,0
658,France,Female,38,6,102895.1,1,0,0,155665.76,0
645,France,Male,32,4,0.0,2,0,1,97628.08,0
458,Germany,Female,28,2,171932.26,2,1,1,9578.24,0
545,Germany,Male,37,9,110483.86,1,1,1,127394.67,0
565,France,Male,36,6,106192.1,1,1,0,149575.59,0
540,Spain,Male,39,2,0.0,2,1,0,81995.92,0
790,Germany,Male,24,7,107418.27,1,0,1,160450.21,0
823,France,Male,37,5,164858.18,1,1,1,173516.71,0
514,Spain,Male,66,9,0.0,2,1,1,14234.31,0
699,France,Male,39,2,109724.38,1,1,1,180022.39,0
504,Spain,Male,44,4,113522.64,1,1,1,12405.2,0
696,France,Female,30,8,0.0,2,1,1,196134.44,0
743,France,Male,71,0,0.0,2,0,1,29837.65,0
497,Spain,Male,44,2,121250.04,1,0,1,79691.4,0
688,Germany,Male,29,9,144553.5,2,1,0,143454.95,0
699,France,Male,34,2,117468.67,1,1,0,185227.42,0
595,France,Male,20,4,95830.43,1,1,0,177738.98,0
850,Germany,Female,44,5,128605.32,1,0,1,171096.2,0
688,Germany,Male,45,9,103399.87,1,0,0,129870.93,0
701,France,Male,39,9,140236.98,1,0,1,146651.99,0
601,France,Male,29,9,0.0,1,1,1,80393.27,0
535,Spain,Male,58,1,0.0,2,1,1,11779.98,1
511,France,Male,58,0,149117.31,1,1,1,162599.51,0
734,France,Female,29,0,139994.66,1,1,0,17744.72,0
807,France,Male,42,7,118274.71,1,1,1,25885.72,0
628,Germany,Female,51,9,155903.82,2,1,1,71159.84,0
850,Spain,Male,35,7,110349.82,1,0,0,126355.8,0
600,Spain,Male,37,8,177657.35,1,1,1,77142.32,0
505,France,Female,36,2,79951.9,1,0,1,174123.16,1
633,Spain,Male,27,3,0.0,2,1,0,44008.91,0
676,Spain,Male,36,1,82729.49,1,1,0,113810.12,0
649,France,Female,41,3,130931.83,1,1,1,144808.37,0
685,Germany,Female,30,4,84958.6,2,0,1,194343.72,0
850,Germany,Female,26,8,123126.29,1,1,0,74425.41,0
561,France,Male,29,9,120268.13,1,1,1,173870.39,0
656,France,Male,30,3,0.0,2,0,1,17104.0,0
691,France,Male,38,7,0.0,2,0,0,81617.4,0
823,France,Male,34,3,105057.33,1,1,0,9217.92,0
585,France,Male,42,2,0.0,2,1,1,18657.77,0
697,Germany,Male,51,1,147910.3,1,1,1,53581.14,0
659,Germany,Male,29,9,82916.48,1,1,1,84133.48,0
667,Spain,Male,45,3,0.0,2,0,0,163655.01,0
640,Germany,Male,26,5,90402.77,1,1,1,3298.65,0
641,France,Female,38,3,0.0,2,1,0,116466.19,0
848,Spain,Male,22,7,120811.89,1,1,1,185510.34,0
516,Spain,Female,45,8,109044.3,1,0,1,115818.16,0
536,France,Female,41,9,0.0,1,1,0,121299.14,0
510,France,Female,26,6,136214.08,1,0,0,159742.33,0
621,Spain,Male,50,3,163085.79,1,0,1,131048.36,0
639,Spain,Male,38,9,130233.14,1,1,1,81861.1,0
600,Spain,Male,36,4,0.0,2,1,0,143635.36,0
818,Germany,Male,43,10,105301.5,1,1,1,78941.59,0
729,Spain,Male,37,10,0.0,2,1,0,100862.54,0
615,Germany,Female,33,3,137657.25,2,1,1,171657.57,0
579,France,Male,31,9,0.0,1,0,1,139048.0,0
627,France,Female,27,2,0.0,2,1,0,125451.01,0
785,Spain,Male,41,7,0.0,2,1,1,199108.88,0
614,France,Male,51,3,0.0,2,1,1,5552.37,0
531,France,Female,37,1,0.0,1,1,0,4606.97,0
814,France,Male,49,8,0.0,2,0,0,157822.54,0
650,France,Female,47,9,0.0,1,1,0,187943.6,0
553,Germany,Male,43,6,85200.82,2,1,1,160574.09,0
653,France,Male,41,8,102768.42,1,1,0,55663.85,0
716,France,Female,40,3,0.0,2,0,1,167636.15,0
592,Spain,Female,40,2,200322.45,1,1,1,113244.73,0
564,France,Male,31,0,110527.17,1,1,1,87060.77,0
612,Spain,Female,36,5,119799.27,2,1,0,159416.58,0
591,France,Male,35,7,183027.25,1,1,1,56028.79,0
582,Germany,Female,40,3,110150.43,1,1,1,191757.65,1
608,France,Female,30,8,0.0,2,1,0,128875.86,0
778,France,Male,24,4,0.0,2,1,1,162809.2,0
636,Germany,Male,30,8,141787.31,2,1,1,109685.61,0
716,Germany,Female,39,10,115301.31,1,1,0,43527.4,1
562,Germany,Male,31,2,112708.2,1,0,1,186370.3,0
807,France,Female,34,1,0.0,1,0,0,114448.13,0
642,Spain,Male,34,8,0.0,1,1,0,72085.1,0
628,Spain,Male,42,7,0.0,2,0,1,172967.87,0
581,France,Male,54,4,89299.81,1,0,0,5558.47,1
477,France,Male,47,9,144900.58,1,1,0,61315.37,1
592,Spain,Male,38,3,0.0,1,1,1,12905.89,1
800,France,Male,60,6,88541.57,2,1,1,131718.12,0
523,France,Male,39,3,0.0,2,1,0,6726.53,0
630,Germany,Female,25,7,79656.81,1,1,0,93524.22,0
709,France,Male,36,0,0.0,2,1,0,46811.77,0
740,Germany,Male,33,2,126524.11,1,1,0,136869.31,0
585,France,Female,28,6,105795.9,1,1,1,41219.09,0
651,France,Female,65,0,0.0,2,1,1,190454.04,0
523,Spain,Female,24,5,172231.93,1,0,1,155144.12,0
746,France,Male,36,9,127157.04,1,1,1,155700.15,0
850,France,Female,34,4,71379.53,2,1,1,154000.99,0
737,France,Male,44,7,0.0,2,0,0,57898.58,0
685,Spain,Male,34,6,83264.28,1,0,0,9663.28,0
634,Germany,Female,53,3,113781.5,2,1,1,106345.05,1
654,France,Male,47,10,0.0,2,1,0,170481.98,0
689,Germany,Female,55,1,76296.81,1,1,0,42364.75,1
791,France,Male,34,7,0.0,2,1,0,96734.46,0
752,Spain,Male,48,5,116060.08,1,1,0,156618.38,1
682,France,Male,40,4,0.0,1,0,1,105352.55,0
529,Spain,Male,35,5,0.0,2,1,1,187288.5,0
486,France,Male,63,9,97009.15,1,1,1,85101.0,0
561,France,Male,37,1,100443.36,2,0,1,101693.73,0
666,Spain,Male,43,5,0.0,2,1,0,29346.1,0
827,Germany,Female,47,8,143001.5,2,1,0,108977.5,0
551,Spain,Male,76,2,128410.71,2,1,1,181718.73,0
555,France,Male,40,10,139930.18,1,1,1,105720.09,0
693,France,Male,40,4,130661.96,1,1,1,101918.96,0
776,Germany,Female,37,1,93124.04,2,1,1,196079.32,0
572,France,Male,33,9,68193.72,1,1,0,19998.31,0
533,Germany,Female,49,1,102286.6,3,1,0,69409.37,1
691,France,Male,41,2,0.0,1,1,1,56850.92,1
780,France,Male,34,1,0.0,1,1,1,64804.04,0
699,France,Female,32,4,110559.46,1,1,1,127429.56,0
662,Germany,Male,59,2,104568.41,1,1,0,8059.44,1
627,France,Female,57,9,0.0,2,1,1,107712.42,0
711,France,Male,38,3,0.0,2,1,0,68487.51,0
663,Germany,Male,28,8,123674.28,2,1,1,87985.2,0
595,Germany,Male,46,5,142360.62,2,1,0,48421.4,1
685,Spain,Male,38,4,0.0,2,1,1,35884.91,0
527,France,Male,32,0,0.0,1,1,0,109523.88,0
768,Germany,Male,48,3,122831.58,1,1,1,24533.89,1
545,France,Male,47,8,105792.49,1,0,1,67830.2,1
698,France,Female,46,0,0.0,2,1,1,125962.02,0
602,France,Female,42,10,0.0,2,0,0,169921.11,1
666,Spain,Female,36,6,0.0,2,1,0,176692.87,0
804,Spain,Male,33,7,76548.6,1,0,1,98453.45,0
601,France,Male,50,2,115625.07,1,1,0,185855.21,0
458,Germany,Male,44,7,84386.57,1,1,0,178642.73,0
604,France,Male,31,6,134837.58,1,1,0,192029.19,0
723,Germany,Male,37,3,94661.53,2,1,0,121239.65,0
723,Germany,Female,68,3,110357.0,1,0,0,141977.54,1
801,Spain,Male,58,1,79954.61,2,1,1,30484.19,0
502,Germany,Female,42,0,132002.7,1,0,1,28204.98,1
655,France,Male,27,2,131691.33,1,1,0,49480.66,0
701,Spain,Male,26,5,83600.24,1,0,1,59195.05,0
750,France,Male,37,3,0.0,2,1,0,16870.2,0
611,Germany,Female,49,9,115488.52,2,1,1,138656.81,1
684,Spain,Male,41,2,119782.72,2,0,0,120284.67,0
508,France,Female,41,5,0.0,2,1,1,94170.84,0
743,Germany,Male,65,2,131935.51,1,1,1,96399.67,1
600,Germany,Female,29,6,74430.1,2,1,1,96051.1,0
759,France,Female,38,1,104091.29,1,0,0,91561.91,0
782,France,Male,36,5,81210.72,2,0,1,108003.38,0
717,Germany,Male,35,7,58469.37,2,1,1,172459.39,0
599,Germany,Male,25,7,108380.72,1,1,1,79005.95,0
697,France,Female,48,1,0.0,2,1,1,87400.53,0
707,France,Female,42,10,0.0,2,1,1,152944.39,0
630,France,Male,50,8,0.0,2,0,1,79377.45,0
758,France,Male,51,8,81710.46,1,1,1,116520.07,0
559,France,Female,43,1,0.0,2,1,1,196645.87,0
669,France,Male,26,4,0.0,2,1,1,197594.34,0
760,France,Male,39,6,178585.46,1,1,0,67131.3,1
741,France,Female,60,5,0.0,1,1,1,38914.51,0
608,France,Female,56,10,129255.2,2,1,0,142492.04,1
439,France,Female,29,6,156569.43,1,1,0,180598.66,0
528,France,Female,36,1,156948.41,1,1,1,149912.28,1
752,France,Male,38,0,145974.79,2,1,1,137694.23,0
481,Spain,Female,37,8,0.0,2,1,0,44215.86,0
740,France,Male,33,1,129574.98,1,1,1,123300.38,0
652,France,Female,31,3,103696.97,3,0,0,155221.05,1
530,France,Female,34,8,0.0,2,0,1,141872.52,0
660,Germany,Female,37,2,133200.09,1,0,0,71433.88,0
850,France,Female,71,4,0.0,2,1,1,107236.87,0
850,France,Male,34,2,72079.71,1,1,1,115767.93,0
610,France,Male,34,0,103108.17,1,0,0,125646.82,0
835,France,Male,28,2,163569.61,2,1,1,154559.28,0
461,Spain,Female,25,6,0.0,2,1,1,15306.29,0
736,Spain,Female,26,4,135889.13,1,1,1,165692.03,0
547,France,Male,43,1,92350.36,1,0,1,80262.91,0
564,Spain,Male,31,5,121461.87,1,1,1,20432.09,1
586,Spain,Female,33,7,0.0,2,1,1,168261.4,0
703,France,Male,37,8,105961.68,2,0,1,74158.8,0
622,France,Female,35,5,0.0,2,1,0,51112.8,0
720,France,Female,38,10,0.0,2,1,1,56229.72,1
699,Spain,Male,40,2,0.0,1,1,0,78387.32,0
759,Germany,Male,30,4,101802.67,1,0,0,8693.8,0
625,France,Female,24,1,0.0,2,1,1,180969.55,0
743,France,Male,23,3,110203.77,1,1,0,95583.45,0
641,France,Female,26,4,91547.84,2,0,1,28157.34,0
687,Spain,Female,36,5,0.0,1,1,0,17696.22,0
543,Spain,Male,35,10,59408.63,1,1,0,76773.53,0
709,Spain,Female,35,1,111827.27,2,1,0,12674.68,0
545,Spain,Female,74,3,0.0,2,1,1,161326.73,0
604,France,Male,53,8,144453.75,1,1,0,190998.96,1
724,Germany,Female,35,0,171982.95,2,0,1,167313.07,0
410,France,Male,33,6,125789.69,1,0,0,66333.56,1
501,Germany,Male,25,6,104013.79,1,1,0,114774.35,0
730,Spain,Female,52,7,0.0,2,0,1,122398.84,0
712,France,Female,29,3,87375.78,2,0,0,166194.53,0
605,France,Male,35,6,0.0,2,1,1,45206.57,0
567,Germany,Male,29,5,129750.68,1,1,0,109257.59,0
675,Spain,Male,36,9,106190.55,1,0,1,22994.32,0
434,France,Male,41,4,108128.52,1,0,1,56784.11,0
527,France,Male,47,1,0.0,1,1,0,21312.16,1
620,France,Male,37,0,107548.94,1,1,0,71175.94,0
711,Spain,Female,28,5,0.0,2,1,1,93959.96,0
586,France,Male,64,1,0.0,2,1,1,53710.23,0
535,France,Female,38,0,135919.33,1,1,0,80425.65,0
504,Spain,Female,46,2,163764.84,1,1,1,165122.55,1
549,Germany,Female,31,9,135020.21,2,1,1,23343.18,0
699,France,Male,39,9,0.0,1,1,0,80963.92,0
648,Germany,Male,31,7,125681.51,1,0,1,129980.93,0
573,Spain,Male,38,4,0.0,2,1,1,196517.43,0
493,France,Male,36,9,0.0,2,1,1,65816.53,0
509,Germany,Male,32,9,170661.47,1,1,1,21646.2,0
573,France,Female,36,1,0.0,1,1,1,56905.38,0
577,Germany,Female,43,3,127940.47,1,0,0,125140.72,1
443,Germany,Female,29,9,99027.61,2,1,0,10940.4,0
713,France,Female,59,3,0.0,2,1,1,62700.08,0
766,France,Male,32,6,185714.28,1,1,1,102502.5,0
705,France,Male,25,3,113736.27,1,0,1,196864.61,0
697,France,Female,25,4,165686.11,2,1,0,15467.98,0
538,Spain,Female,42,9,0.0,1,0,0,152855.96,0
612,Germany,Male,76,6,96166.88,1,1,1,191393.26,0
544,France,Male,44,1,0.0,2,0,0,69244.24,0
812,France,Male,32,5,133050.97,2,1,0,89385.92,0
681,France,Female,18,1,98894.39,1,1,1,9596.4,0
567,France,Male,38,6,127678.8,2,0,0,45422.89,0
618,France,Female,49,9,44301.43,3,1,1,89729.3,1
613,France,Female,27,5,125167.74,1,1,0,199104.52,0
621,Germany,Female,34,2,91258.52,2,1,0,44857.4,0
745,Germany,Male,45,10,117231.63,3,1,1,122381.02,1
831,Spain,Female,44,10,0.0,1,0,1,47729.33,0
570,Germany,Female,50,5,129293.74,1,1,0,177805.44,1
848,Germany,Male,31,4,90018.45,2,1,0,193132.98,0
625,France,Male,43,4,122351.29,1,1,0,71216.6,0
644,Spain,Male,37,9,0.0,2,1,1,96442.86,0
794,Spain,Female,30,1,154970.54,1,0,1,156768.45,0
782,Germany,Male,42,7,126428.38,1,1,0,39830.1,0
554,France,Female,35,8,0.0,2,1,1,176779.46,0
586,France,Female,38,6,0.0,2,1,1,37935.83,0
850,Spain,Female,32,5,0.0,1,1,1,3830.59,0
773,Germany,Male,43,8,81844.91,2,1,1,35908.46,0
776,France,Female,31,2,0.0,2,1,1,112349.51,0
600,Spain,Female,27,6,0.0,2,1,1,172031.22,0
659,Spain,Male,31,7,149620.88,2,1,1,104533.51,0
599,Germany,Female,49,10,143888.22,2,1,1,166236.38,1
492,France,Male,39,7,0.0,2,0,1,71323.23,0
628,Germany,Male,33,8,152143.89,1,1,1,32174.03,0
646,Germany,Female,57,6,90212.0,1,1,0,13911.27,1
504,France,Female,49,7,0.0,3,0,1,87822.14,1
697,France,Male,63,7,148368.02,1,0,0,118862.08,1
560,France,Female,27,5,0.0,2,1,0,131919.48,0
643,France,Female,51,2,105229.53,1,1,0,34967.75,1
724,France,Female,37,10,68598.56,1,1,0,157862.82,0
793,France,Male,63,4,103729.79,2,1,1,80272.06,0
700,Germany,Female,30,4,116377.48,1,1,1,134417.31,0
599,Germany,Male,46,9,123444.72,1,1,1,31368.08,1
580,France,Female,23,5,113923.81,2,0,0,196241.43,0
803,France,Male,33,6,0.0,2,1,0,115676.61,0
705,Germany,Female,43,10,146547.78,1,0,1,10072.55,1
601,France,Female,34,5,0.0,2,1,0,27022.57,0
743,France,Male,39,6,0.0,2,1,0,44265.28,0
684,France,Male,46,0,0.0,2,1,1,36376.97,0
850,France,Male,29,1,0.0,2,0,0,152996.89,0
831,Germany,Male,44,3,111100.98,1,1,1,28144.07,1
779,Spain,Female,34,5,0.0,2,0,1,111676.63,0
590,Spain,Male,22,7,125265.61,1,1,1,161253.08,0
850,France,Male,30,6,86449.39,1,1,1,188809.23,0
693,Spain,Female,57,9,0.0,2,1,1,135502.77,0
679,Spain,Female,26,3,76554.06,1,1,1,184800.27,0
579,France,Female,39,3,166501.17,2,1,0,93835.64,0
615,Spain,Female,41,9,109013.23,1,1,0,196499.96,0
648,Germany,Female,43,1,107963.38,1,0,0,186438.86,1
708,Spain,Male,40,8,83015.71,1,1,0,101089.76,0
704,France,Male,23,6,166594.78,1,1,1,155823.2,0
633,Germany,Male,58,2,128137.42,2,1,0,147635.33,1
557,France,Female,28,7,146445.24,2,1,0,184317.74,0
673,France,Male,31,1,108345.22,1,0,1,38802.03,0
525,France,Male,33,1,112833.35,1,0,1,175178.56,0
835,France,Male,32,8,124993.29,2,1,1,27548.06,0
520,Spain,Female,63,5,162278.32,1,1,1,34765.33,0
587,Spain,Male,51,3,83739.32,1,0,1,148798.45,0
769,Spain,Male,41,1,72509.91,1,1,0,25723.73,0
726,Spain,Female,56,8,123110.9,3,0,1,130113.78,1
675,France,Female,32,2,155663.31,1,1,0,97658.66,0
635,Germany,Male,53,8,117005.55,1,0,1,123646.57,1
544,France,Female,21,10,161525.96,2,1,0,9262.77,0
732,Germany,Female,48,4,102962.62,1,1,0,120852.85,1
787,France,Male,33,1,126588.81,2,0,1,62163.53,0
692,Germany,Female,41,8,130701.29,1,1,0,59354.24,1
779,Germany,Female,40,2,75470.23,1,1,1,52894.01,0
755,France,Female,28,7,124540.28,1,0,1,188850.89,0
631,France,Female,22,3,0.0,2,0,0,30781.77,0
774,France,Female,32,4,0.0,2,0,0,114899.13,0
792,France,Female,70,3,0.0,2,1,1,172240.27,0
705,France,Female,38,3,123894.43,1,1,0,21177.1,0
676,Spain,Female,36,4,0.0,2,1,1,3173.31,0
574,Germany,Male,35,5,163856.76,1,1,1,15118.2,0
807,Spain,Female,42,1,0.0,1,1,0,16500.66,1
468,France,Female,32,8,137649.47,1,0,0,198714.29,0
580,Spain,Female,57,0,136820.99,1,0,1,108528.74,0
470,France,Female,25,8,127974.06,2,1,1,183259.35,0
798,Spain,Female,58,9,0.0,2,0,0,119071.56,1
499,France,Female,28,4,141792.61,1,1,1,22001.91,0
518,France,Female,45,8,0.0,2,1,1,36193.07,0
687,Germany,Female,47,1,91219.29,1,0,0,158845.49,1
701,Spain,Female,30,2,0.0,2,1,0,115650.63,0
718,Spain,Male,28,6,0.0,2,1,0,146875.86,0
850,Spain,Female,50,10,0.0,2,1,1,33741.84,0
717,Spain,Male,35,1,0.0,3,0,0,174770.14,1
793,France,Female,41,3,141806.46,1,1,0,102921.17,0
633,France,Male,61,3,157201.48,1,0,1,50368.63,0
825,Germany,Male,37,6,118050.79,1,0,1,52301.15,0
750,Spain,Male,22,3,121681.82,1,1,0,128643.35,1
592,Germany,Male,36,10,123187.51,1,0,1,146111.35,0
673,France,Male,47,1,0.0,2,0,0,108762.16,0
625,France,Female,51,4,124620.01,2,1,0,92243.94,1
654,Germany,Male,37,5,112146.12,1,1,0,75927.35,0
474,Spain,Male,37,3,0.0,2,0,0,57175.32,0
850,France,Female,46,2,157866.77,1,1,1,18986.12,0
720,Germany,Female,29,7,106230.92,1,1,1,69903.93,1
710,France,Female,36,4,116085.06,1,1,0,58601.61,0
747,France,Male,29,7,0.0,2,1,1,141706.43,0
787,France,Male,25,5,0.0,2,1,0,47307.9,0
561,France,Male,32,5,0.0,2,1,0,84871.99,0
611,Spain,Male,46,6,0.0,2,1,0,45886.33,0
771,France,Male,39,5,0.0,2,1,0,96270.64,0
677,Germany,Female,26,3,102395.79,1,1,0,119368.99,0
563,Spain,Male,24,7,0.0,2,0,0,16319.56,0
577,Spain,Male,51,2,108867.0,1,0,0,140800.66,1
773,France,Male,25,1,124532.78,2,0,1,11723.57,0
763,Germany,Male,31,7,143966.3,2,1,1,140262.96,1
672,Germany,Female,23,10,110741.56,1,1,0,80778.5,0
766,Spain,Male,41,6,99208.46,2,1,0,62402.38,0
641,France,Male,77,9,0.0,3,1,1,81514.06,0
688,Spain,Male,42,5,0.0,2,0,0,197602.29,0
844,France,Male,18,2,160980.03,1,0,0,145936.28,0
708,Germany,Male,21,8,133974.36,2,1,0,50294.09,0
642,France,Female,40,7,0.0,2,1,0,183963.34,0
580,France,Male,31,2,0.0,2,0,1,64014.24,0
673,France,Male,32,8,121240.76,1,1,0,116969.73,0
566,France,Female,42,6,0.0,1,1,0,180702.12,1
748,Spain,Male,39,3,0.0,2,1,1,123998.52,0
480,France,Male,40,6,148790.61,1,0,1,79329.7,0
633,Germany,Male,30,2,109786.82,2,1,1,139712.81,0
647,Spain,Female,44,5,0.0,3,1,1,174205.22,1
575,France,Female,57,8,137936.94,1,1,1,84475.13,0
701,France,Male,44,7,0.0,2,1,0,23425.78,0
553,France,Male,37,2,0.0,2,1,0,33877.29,0
671,Spain,Female,31,4,0.0,2,0,1,79270.02,0
623,France,Male,21,10,0.0,2,0,1,135851.3,0
682,France,Male,42,0,0.0,1,1,1,160828.98,0
579,Spain,Male,33,6,0.0,1,1,0,94993.04,1
449,Spain,Male,32,0,155619.36,1,1,1,166692.03,0
769,Spain,Male,39,9,0.0,1,1,1,47722.79,0
614,Spain,Male,39,3,151914.93,1,0,0,56459.45,0
620,France,Male,32,7,0.0,2,1,1,34665.79,0
690,France,Male,33,5,0.0,2,1,0,138017.68,0
660,Germany,Male,35,9,113948.58,1,1,0,188891.96,1
804,France,Male,25,7,108396.67,1,1,0,128276.95,0
577,France,Female,39,10,0.0,2,1,0,10553.31,0
848,Spain,Male,40,3,110929.96,1,1,1,30876.84,0
552,France,Male,42,9,133701.07,2,1,0,101069.71,1
583,France,Female,27,1,125406.58,1,1,1,110784.42,0
737,France,Male,43,0,80090.93,1,1,0,39920.0,1
645,Spain,Male,45,4,0.0,1,0,1,174916.85,1
642,Germany,Female,19,3,113905.48,1,1,1,176137.2,0
780,France,Male,76,10,121313.88,1,0,1,64872.33,0
594,France,Male,57,6,0.0,1,1,0,19376.56,1
667,France,Male,31,3,99513.91,1,1,1,189657.26,0
811,France,Male,30,6,0.0,2,1,1,180591.32,0
620,Spain,Male,36,7,169312.72,1,1,0,45414.09,0
658,France,Male,36,8,174060.46,1,1,1,94925.62,0
655,France,Male,28,10,0.0,2,0,1,126565.21,0
607,France,Male,45,7,123859.6,1,0,1,113051.57,0
670,France,Female,45,5,47884.92,1,1,1,54340.24,0
847,Spain,Female,37,9,112712.17,1,1,0,116097.26,0
625,France,Female,39,5,0.0,2,1,0,32615.21,0
704,Germany,Female,54,6,133656.91,3,1,0,145071.33,1
689,Spain,Female,40,5,154251.67,1,0,1,118319.5,0
714,France,Female,24,7,0.0,2,1,0,166335.0,0
571,Germany,Male,37,9,139592.98,3,1,0,104152.65,1
567,Germany,Female,49,5,134956.02,1,1,0,93953.84,1
445,France,Male,37,3,0.0,2,1,1,180012.39,0
616,Germany,Female,42,6,117899.95,2,0,0,150266.81,0
779,France,Male,49,9,106160.37,1,0,0,116893.87,0
525,France,Male,36,2,114628.4,1,0,1,168290.06,0
562,France,Male,33,6,0.0,2,1,0,111590.35,0
707,Spain,Female,35,3,56674.48,1,1,0,17987.4,1
572,Germany,Male,26,4,118287.01,2,0,0,60427.3,0
707,France,Male,58,6,89685.92,1,0,1,126471.13,0
730,France,Female,34,5,74197.38,2,1,0,96875.52,0
530,Germany,Male,33,9,75242.28,1,0,1,101694.67,0
648,Spain,Male,42,2,98795.61,2,1,0,89123.99,0
514,France,Male,32,8,0.0,2,1,0,95857.18,0
775,Germany,Female,38,4,125212.65,2,1,1,15795.88,1
711,France,Female,38,2,129022.06,2,1,1,14374.86,1
681,France,Male,59,4,122781.51,1,0,1,140166.95,0
771,Spain,Female,41,5,0.0,2,0,1,92914.67,0
807,Germany,Female,31,1,93460.47,2,0,0,172782.69,0
616,Germany,Female,45,4,122793.96,1,1,1,62002.04,0
636,France,Female,35,2,0.0,2,1,1,23129.46,0
527,Spain,Female,29,2,27755.97,1,1,0,97468.44,1
574,Spain,Male,36,3,0.0,2,1,1,8559.66,0
723,France,Female,20,4,0.0,2,1,1,140385.33,0
768,Spain,Female,42,3,0.0,1,0,0,161242.99,1
829,France,Male,38,9,0.0,2,1,0,30529.88,0
521,Germany,Male,52,5,116497.31,3,0,0,53793.1,1
675,Spain,Female,50,1,133204.91,1,0,1,8270.06,0
528,Germany,Male,39,0,127631.62,1,0,1,22197.8,1
794,Germany,Female,55,6,115796.7,1,1,0,160526.36,1
741,Germany,Male,38,4,128015.83,1,1,0,58440.43,0
772,Germany,Female,48,6,108736.52,1,1,0,184564.67,1
584,Spain,Female,38,3,0.0,2,1,1,4525.4,0
638,Spain,Male,41,7,0.0,2,1,0,43889.41,0
605,France,Male,39,6,111169.91,1,0,0,9641.4,0
850,France,Female,28,9,0.0,2,1,1,164864.67,0
780,Spain,Male,47,7,86006.21,1,1,1,37973.13,0
600,France,Male,31,8,0.0,2,1,1,121555.51,0
597,France,Female,53,4,88381.21,1,1,0,69384.71,1
705,Germany,Female,48,1,156848.13,2,1,1,99475.95,1
850,France,Female,36,0,164850.54,1,1,1,62722.44,0
696,France,Male,44,8,161889.79,1,0,0,75562.47,0
586,Spain,Male,34,5,168094.01,1,0,0,20058.61,0
639,France,Male,37,5,98186.7,1,0,1,173386.95,0
489,Spain,Male,40,3,221532.8,1,1,0,171867.08,0
517,France,Male,28,2,115062.61,1,1,0,179056.23,0
551,France,Male,31,1,0.0,2,1,1,185105.44,0
632,France,Male,40,3,193354.86,2,1,0,149188.41,0
660,Spain,Male,31,1,84560.04,1,1,1,137784.25,0
595,Germany,Female,44,4,96553.52,2,1,0,143952.24,1
555,Spain,Male,32,10,0.0,2,0,1,168605.96,0
705,Germany,Female,43,7,79974.55,1,1,1,103108.33,0
757,Germany,Male,26,8,121581.56,2,1,1,127059.04,0
737,France,Female,70,9,87542.89,2,1,1,42576.86,0
776,France,Female,29,7,178171.04,2,1,1,115818.51,0
539,France,Female,29,4,0.0,2,1,1,100919.19,0
587,France,Male,38,0,0.0,2,1,0,47414.15,0
726,Spain,Female,56,2,105473.74,1,1,1,46044.7,0
712,France,Female,27,2,133009.51,1,1,0,126809.15,0
719,France,Female,54,7,0.0,2,1,1,125041.52,0
754,Spain,Male,39,6,170184.99,2,1,0,89593.26,0
612,Germany,Male,46,9,161450.03,1,1,1,96961.0,1
637,Spain,Male,43,3,172196.23,1,1,1,104769.96,0
513,France,Male,29,10,0.0,2,0,1,25514.77,0
699,France,Male,64,9,113109.52,1,1,0,27980.8,1
652,Spain,Male,37,7,0.0,2,1,0,68789.93,0
726,Spain,Female,27,7,123826.07,1,0,1,78970.58,0
653,France,Male,46,0,119556.1,1,1,0,78250.13,1
620,Germany,Male,40,5,108197.11,2,1,0,49722.34,0
726,France,Female,34,0,185734.75,1,1,1,102036.82,0
540,Germany,Female,42,9,87271.41,2,1,0,172572.64,0
594,France,Male,35,2,0.0,2,1,0,103480.69,0
637,Germany,Male,49,2,108204.52,1,1,0,169037.84,1
601,Germany,Female,54,1,131039.97,2,1,1,199661.5,0
739,France,Male,40,4,0.0,2,0,0,173321.65,0
492,France,Male,35,8,121063.49,1,0,0,85421.48,0
850,France,Male,37,4,126872.6,1,1,0,197266.58,0
633,Spain,Female,39,2,0.0,2,0,0,191207.03,0
790,Germany,Male,50,8,121438.58,1,1,1,176471.78,1
724,France,Female,29,6,0.0,2,0,1,64729.51,0
762,Spain,Female,43,5,134204.67,1,1,1,139971.01,0
596,Spain,Female,76,9,134208.25,1,1,1,13455.43,0
542,Spain,Male,54,8,105770.14,1,0,1,140929.98,1
725,Germany,Male,39,1,50880.98,2,1,1,184023.54,0
781,France,Female,42,3,156555.54,1,1,1,175674.01,0
657,Spain,Male,31,3,125167.02,1,0,0,98820.39,0
757,Spain,Female,55,9,117294.12,4,1,0,94187.47,1
687,France,Female,24,3,110495.27,1,1,0,158615.41,0
481,France,Male,37,8,152303.66,2,1,1,175082.2,0
622,Germany,Male,33,3,96926.12,2,1,0,48553.77,0
645,Germany,Male,28,7,117466.03,2,1,1,34490.06,0
451,France,Female,36,2,0.0,2,1,1,180142.42,0
639,France,Male,43,6,99610.92,2,1,0,187296.78,0
592,Spain,Male,45,8,84692.5,1,0,1,67214.02,0
545,Spain,Female,32,4,0.0,1,1,0,94739.2,0
437,France,Female,26,1,120923.52,1,0,1,78854.57,0
735,Germany,Male,46,2,106344.95,1,1,0,114371.33,1
592,France,Male,54,8,0.0,1,1,1,28737.71,1
606,Germany,Male,48,4,132403.56,1,0,0,36091.91,1
668,France,Female,35,6,102482.76,1,1,1,53994.64,0
666,France,Female,40,2,0.0,2,0,0,36371.27,0
613,France,Female,29,6,185709.28,2,1,1,77242.19,0
531,Spain,Male,31,2,118899.45,2,0,0,41409.36,0
720,France,Female,37,2,120328.88,2,1,1,138470.21,0
559,France,Female,38,8,95139.41,1,1,1,86575.46,0
663,Germany,Male,42,7,115930.87,1,1,0,19862.78,0
769,Germany,Female,34,7,137239.17,1,1,1,71379.92,1
850,Spain,Male,31,6,82613.56,2,1,0,149170.92,0
580,France,Female,39,9,128362.59,1,1,0,86044.98,0
715,France,Female,38,5,118590.41,1,1,1,5684.17,1
788,France,Female,33,5,0.0,2,0,0,116978.19,0
472,Spain,Male,40,4,0.0,1,1,0,70154.22,0
512,France,Female,41,6,0.0,1,1,1,100507.81,0
591,Germany,Female,34,4,150635.3,1,1,1,72274.84,0
773,Spain,Male,41,9,102827.44,1,0,1,64595.25,0
755,France,Male,29,9,117035.89,1,1,1,21862.19,0
617,Germany,Female,39,5,83348.89,3,1,0,7953.62,1
704,Spain,Male,37,4,0.0,2,0,0,25684.93,0
803,Germany,Male,34,4,142929.16,2,1,1,114869.56,0
519,Spain,Male,39,4,111900.14,1,1,1,97577.17,0
670,Germany,Male,31,1,142631.54,2,1,1,175894.24,0
669,France,Male,29,7,0.0,2,1,1,138145.62,0
433,Spain,Male,34,9,152806.74,1,1,0,19687.99,0
820,Spain,Female,31,2,94222.53,1,1,0,103570.8,0
599,France,Female,43,4,0.0,1,1,0,170347.1,0
828,France,Male,37,4,0.0,2,1,0,94845.45,0
376,France,Female,46,6,0.0,1,1,0,157333.69,1
535,Spain,Female,30,5,122924.75,1,0,0,62390.59,1
636,Spain,Male,60,7,124447.73,1,1,1,141364.62,1
850,France,Female,29,10,0.0,2,1,1,199775.67,0
652,Spain,Male,28,8,156823.7,2,1,0,198251.52,0
819,France,Male,38,9,122334.26,2,1,1,181507.44,0
682,France,Female,26,0,110654.02,1,0,1,111879.21,0
687,Spain,Female,39,2,0.0,3,0,0,188150.6,1
633,Spain,Male,32,5,163340.12,2,1,1,74415.2,0
661,France,Male,39,5,0.0,2,0,0,181461.46,0
677,France,Female,24,0,148298.59,2,0,0,182913.95,0
559,France,Male,34,2,137390.11,2,1,0,9677.0,0
534,France,Male,29,7,174851.9,1,1,1,79178.31,0
418,France,Male,35,7,0.0,2,1,1,88878.15,0
660,Germany,Female,52,4,86891.84,1,1,0,90877.76,0
512,Germany,Female,40,8,153537.57,2,0,0,23101.13,0
652,Germany,Female,58,3,116353.2,2,0,1,193502.9,0
667,France,Male,33,4,0.0,2,1,1,131834.75,0
550,Spain,Male,51,5,0.0,2,1,0,153917.41,0
427,Spain,Male,40,8,0.0,2,1,1,82870.75,0
710,France,Female,31,3,0.0,2,1,1,112289.06,0
765,Spain,Female,33,5,84557.82,1,1,1,69039.43,0
667,France,Female,48,2,0.0,2,1,1,148608.39,0
556,Spain,Male,46,3,131764.96,1,1,1,108500.66,1
775,Germany,Female,33,1,118897.1,2,1,1,26362.4,0
654,France,Male,32,6,0.0,2,1,1,137898.57,0
749,Germany,Male,47,9,110022.74,1,0,1,135655.29,1
688,France,Female,38,7,123544.21,1,1,1,157664.02,0
548,Spain,Male,39,7,131468.44,1,1,0,164975.82,0
705,Spain,Male,36,1,111629.29,1,1,1,21807.16,0
593,France,Male,43,9,0.0,2,1,1,76357.43,0
682,Spain,Female,54,0,83102.72,2,1,1,54132.93,0
662,France,Male,34,2,0.0,2,0,1,21497.27,0
522,Spain,Male,30,3,0.0,2,1,0,145490.85,0
815,Spain,Female,57,5,0.0,3,0,0,38941.44,1
748,France,Male,38,4,115221.36,1,0,1,70956.75,0
557,Spain,Male,48,10,0.0,2,1,1,185094.48,0
537,Spain,Female,38,1,0.0,2,0,1,41233.97,0
717,Spain,Female,39,6,0.0,2,1,0,93275.61,0
561,Spain,Male,37,4,101470.29,1,0,1,88838.14,0
627,Germany,Male,24,5,102773.2,2,1,0,56793.02,1
539,France,Male,37,2,127609.59,1,1,0,98646.22,0
627,France,Female,21,7,98993.02,1,1,1,169156.64,0
586,France,Female,28,5,0.0,3,1,0,170487.4,1
756,Germany,Female,39,3,100717.85,3,1,1,73406.04,1
692,France,Male,28,5,61581.97,1,1,1,70179.91,0
633,France,Female,39,9,129189.15,2,0,0,170998.83,0
629,Germany,Male,40,2,121647.54,2,1,1,64849.74,1
661,Germany,Male,41,5,122552.48,2,0,1,120646.4,0
672,Spain,Female,56,2,209767.31,2,1,1,150694.42,1
552,Spain,Male,42,4,0.0,2,0,0,195692.3,0
764,France,Female,24,7,106234.02,1,0,0,115676.38,0
732,France,Male,55,9,136576.02,1,0,1,3268.17,1
714,Germany,Male,28,7,77776.39,1,1,0,177737.07,0
771,Spain,Female,56,2,0.0,1,1,1,25222.6,1
698,Germany,Male,52,10,107304.39,3,1,0,28806.32,1
678,France,Male,43,5,102338.19,1,1,1,79649.62,0
574,France,Female,39,2,122524.61,2,1,0,88463.63,0
850,France,Male,63,8,169832.57,1,0,0,184107.26,1
591,France,Male,33,9,131765.72,1,1,0,118782.06,0
543,France,Female,36,3,0.0,2,0,0,26019.59,0
606,Spain,Male,35,7,0.0,1,1,0,106837.06,1
672,France,Male,28,4,167268.98,1,1,1,169469.3,0
745,France,Female,46,7,0.0,2,1,1,67769.94,0
696,Spain,Female,43,4,0.0,2,1,1,66406.37,0
554,Germany,Female,54,6,108755.0,1,1,0,40914.32,1
850,Spain,Male,44,7,89118.26,1,1,0,104240.77,1
619,France,Female,38,3,0.0,2,0,1,116467.35,0
680,France,Male,23,5,140007.19,1,0,1,31714.08,0
680,Spain,Male,42,0,0.0,1,1,0,136377.21,0
686,France,Male,39,4,0.0,2,1,0,155023.93,0
704,Spain,Male,33,3,0.0,2,1,0,73018.74,0
536,France,Male,46,1,65733.41,1,1,0,61094.53,0
710,Germany,Male,43,2,140080.32,3,1,1,157908.19,1
662,Germany,Male,30,5,115286.68,2,1,1,149587.92,0
749,France,Female,33,1,74385.98,1,1,0,20164.47,0
611,France,Male,30,2,104145.65,1,0,0,159629.64,0
593,Germany,Female,38,5,142658.04,2,0,1,135337.11,0
787,France,Male,46,7,117685.31,2,1,1,93360.35,0
553,Germany,Male,53,5,127997.83,1,1,0,165378.66,1
722,Spain,Male,37,9,0.0,2,1,0,31921.95,0
801,France,Male,42,6,0.0,2,1,1,95804.33,0
758,Germany,Female,61,8,125397.21,1,1,0,182184.09,1
589,France,Female,31,10,110635.32,1,1,0,148218.86,0
443,Spain,Male,36,6,70438.01,2,0,1,56937.43,0
554,Spain,Male,46,4,0.0,2,0,1,57320.92,0
679,France,Male,39,0,86843.61,1,0,1,159830.58,0
712,France,Male,23,2,0.0,2,0,1,66795.78,0
790,France,Female,31,9,0.0,2,1,0,84126.75,0
528,Germany,Male,22,5,93547.23,2,0,1,961.57,0
616,Spain,Male,31,7,76665.71,2,1,1,163809.08,0
538,Spain,Male,68,9,0.0,2,1,0,110440.5,1
502,France,Male,37,10,0.0,1,1,1,76642.68,0
646,France,Male,50,0,104129.24,2,1,0,181794.86,1
563,Germany,Male,41,2,100520.92,1,1,1,19412.8,1
652,France,Female,51,3,0.0,1,1,0,173989.47,1
608,Germany,Female,30,2,91057.37,2,1,0,132973.17,0
661,France,Female,37,5,136425.18,1,1,0,81102.81,0
671,Germany,Male,45,6,99564.22,1,1,1,108872.45,1
746,France,Female,32,4,0.0,2,1,1,72909.75,0
599,France,Male,28,7,119706.22,1,0,0,31190.42,0
